<?xml version="1.0"?>
<?mso-application progid="Excel.Sheet"?>
<Workbook xmlns="urn:schemas-microsoft-com:office:spreadsheet"
 xmlns:o="urn:schemas-microsoft-com:office:office"
 xmlns:x="urn:schemas-microsoft-com:office:excel"
 xmlns:ss="urn:schemas-microsoft-com:office:spreadsheet"
 xmlns:html="http://www.w3.org/TR/REC-html40">
 <DocumentProperties xmlns="urn:schemas-microsoft-com:office:office">
  <LastAuthor>I042416</LastAuthor>
  <Created>1996-10-14T23:33:28Z</Created>
  <Version>11.8028</Version>
 </DocumentProperties>
 <ExcelWorkbook xmlns="urn:schemas-microsoft-com:office:excel">
  <WindowHeight>9300</WindowHeight>
  <WindowWidth>15132</WindowWidth>
  <WindowTopX>120</WindowTopX>
  <WindowTopY>120</WindowTopY>
  <AcceptLabelsInFormulas/>
  <ProtectStructure>False</ProtectStructure>
  <ProtectWindows>False</ProtectWindows>
 </ExcelWorkbook>
 <Styles>
  <Style ss:ID="Default" ss:Name="Normal">
   <Alignment ss:Vertical="Bottom"/>
   <Borders/>
   <Font/>
   <Interior/>
   <NumberFormat/>
   <Protection/></Style>
  <Style ss:ID="s21">
  	<Borders></Borders>
  	<Alignment ss:Vertical="Bottom" ss:WrapText="1"></Alignment></Style>
  <Style ss:ID="s28">
  	<Alignment ss:Vertical="Bottom" ss:WrapText="1"></Alignment>
  	<Borders></Borders>
  	<Font ss:Color="#FF0000"></Font>
  	<Interior ss:Color="#C0C0C0" ss:Pattern="Solid"></Interior>
  	<NumberFormat></NumberFormat>
  	<Protection></Protection></Style>
  	<Style ss:ID="s30">
   <Alignment ss:Vertical="Bottom" ss:WrapText="1"/>
   <Borders>
   </Borders>
   <Font x:Family="Swiss" ss:Color="#993300" ss:Bold="1"/>
   <Interior ss:Color="#99CCFF" ss:Pattern="Solid"/>
   <NumberFormat/>
   <Protection/>
  </Style>
  <Style ss:ID="s23">
   <Borders>
   </Borders>
   <Alignment ss:Vertical="Bottom" ss:WrapText="1"></Alignment></Style>
  <Style ss:ID="s27">
   <Alignment ss:Vertical="Bottom" ss:WrapText="1"/>
   <Borders>
   </Borders>
  </Style>
  <Style ss:ID="s31">
   <Alignment ss:Vertical="Bottom" ss:WrapText="1"/>
   <Borders>
    <Border ss:Position="Bottom" ss:LineStyle="Continuous" ss:Weight="1"/>
    <Border ss:Position="Left" ss:LineStyle="Continuous" ss:Weight="1"/>
    <Border ss:Position="Right" ss:LineStyle="Continuous" ss:Weight="1"/>
    <Border ss:Position="Top" ss:LineStyle="Continuous" ss:Weight="1"/>
   </Borders>
   <Font x:Family="Swiss" ss:Color="#0000FF" ss:Bold="1"/>
   <Interior ss:Color="#C0C0C0" ss:Pattern="Solid"/>
   <NumberFormat></NumberFormat>
   <Protection/>
  </Style>
  <Style ss:ID="s32">
   <Alignment ss:Vertical="Bottom" ss:WrapText="1"/>
   <Borders>
   </Borders>
  </Style>
  </Styles>
 <Worksheet ss:Name="Sheet1">
  <Table ss:ExpandedColumnCount="0" ss:ExpandedRowCount="0" x:FullColumns="1"
   x:FullRows="1" ss:DefaultRowHeight="13.2"/>
  <WorksheetOptions xmlns="urn:schemas-microsoft-com:office:excel">
   <Selected/>
   <ProtectObjects>False</ProtectObjects>
   <ProtectScenarios>False</ProtectScenarios>
  </WorksheetOptions>
 </Worksheet>
 <Worksheet ss:Name="Sheet2">
  <Table ss:ExpandedColumnCount="0" ss:ExpandedRowCount="0" x:FullColumns="1"
   x:FullRows="1" ss:DefaultRowHeight="13.2"></Table>
  <WorksheetOptions xmlns="urn:schemas-microsoft-com:office:excel">
   <ProtectObjects>False</ProtectObjects>
   <ProtectScenarios>False</ProtectScenarios>
  </WorksheetOptions>
 </Worksheet>
 <Worksheet ss:Name="Sheet3">
  <Table ss:ExpandedColumnCount="0" ss:ExpandedRowCount="0" x:FullColumns="1"
   x:FullRows="1" ss:DefaultRowHeight="13.2"/>
  <WorksheetOptions xmlns="urn:schemas-microsoft-com:office:excel">
   <ProtectObjects>False</ProtectObjects>
   <ProtectScenarios>False</ProtectScenarios>
  </WorksheetOptions>
 </Worksheet>
</Workbook>
